region,year,n_countries,n_countries_with_pop,internet_ggi_direct_unweighted,internet_ggi_direct_pop_weighted,internet_ggi_coherent_mean_of_ratios_unweighted,internet_ggi_coherent_mean_of_ratios_pop_weighted,internet_ggi_coherent_ratio_of_means_unweighted,internet_ggi_coherent_ratio_of_means_pop_weighted,mobile_ggi_direct_unweighted,mobile_ggi_direct_pop_weighted,mobile_ggi_coherent_mean_of_ratios_unweighted,mobile_ggi_coherent_mean_of_ratios_pop_weighted,mobile_ggi_coherent_ratio_of_means_unweighted,mobile_ggi_coherent_ratio_of_means_pop_weighted
East Asia & Pacific,2015,37,37,0.8530270270270269,0.8692624779215528,0.910571899369857,0.9088753506608069,0.910571899369857,0.9088753506608069,0.9470540540540542,0.9530596082072884,0.9554981359050497,0.9534813690164677,0.9554981359050497,0.9534813690164677
East Asia & Pacific,2016,37,37,0.8674864864864863,0.8788850862092151,0.921299607304524,0.9155401513552859,0.921299607304524,0.9155401513552859,0.9546486486486487,0.9575198334551254,0.9624950859189993,0.9563771587114378,0.9624950859189993,0.9563771587114378
East Asia & Pacific,2017,37,37,0.8753783783783785,0.8869184003647208,0.9257050064978795,0.9212745947264038,0.9257050064978795,0.9212745947264038,0.9568918918918919,0.959676284613562,0.9634004621533813,0.9583654768163852,0.9634004621533813,0.9583654768163852
East Asia & Pacific,2018,37,37,0.8847567567567569,0.8977956034803036,0.9303355355935846,0.9278536627880088,0.9303355355935846,0.9278536627880088,0.9596216216216217,0.9635482630969634,0.9652583076077695,0.9621702163049516,0.9652583076077695,0.9621702163049516
East Asia & Pacific,2019,37,37,0.9007432432432434,0.9070067457613236,0.9376052165729587,0.9316817754718308,0.9375803291805669,0.9316582572051003,0.9666328828828828,0.9663217309390908,0.9711938434754236,0.9632553145887879,0.9711932869974276,0.9632638114856442
East Asia & Pacific,2020,37,37,0.9125518018018018,0.9138675297565856,0.9451072107835701,0.9368007740621647,0.9450955673525199,0.9367987149441266,0.9712477477477479,0.9687939464254854,0.9732707170334943,0.9649666493742064,0.9732728577187133,0.9649724632350569
East Asia & Pacific,2021,37,37,0.9128378378378378,0.9199502663485604,0.9429536995133776,0.9386944681577017,0.9429398071638023,0.9386862698701824,0.9694211711711712,0.9717493485541571,0.9712465369244969,0.9665260505933927,0.9712542186067376,0.966542381363677
East Asia & Pacific,2022,37,37,0.9200630630630631,0.9215319085979543,0.9459103109692725,0.9426879313819699,0.9459019988312481,0.9426815841928843,0.9713986486486488,0.9705630753705832,0.9720318170779407,0.9667427045830159,0.9720333794028602,0.9667461607919849
East Asia & Pacific,2023,37,37,0.9235112612612614,0.9203880615381684,0.9469449660463711,0.9451270394389129,0.9469531771097811,0.9451254902702472,0.9720202702702704,0.9686590252826658,0.9720121840121012,0.9651144418271662,0.972022874699143,0.9651439803628119
East Asia & Pacific,2024,37,37,0.9356914414414416,0.9336756418576199,0.9516312678745048,0.9466534105068078,0.9516302382163754,0.9466458752876339,0.9781013513513515,0.9759572660774801,0.9764151507613217,0.9683743743537759,0.9764215596691878,0.9683857290428486
East Asia & Pacific,2025,37,0,0.9431058558558558,,0.9546257593037795,,0.9546261594251844,,0.9812184684684684,,0.9788553247308874,,0.9788593774862691,
East Asia & Pacific,2026,37,0,0.9524972972972974,,0.9582726534197327,,0.9582702899461963,,0.9852162162162162,,0.9818806562435999,,0.9818804382684807,
Europe & Central Asia,2015,55,55,0.9048545454545454,0.9116279922836078,0.9542935099263538,0.9542549263613429,0.9542935099263538,0.9542549263613429,0.9711090909090909,0.9746800241304496,0.972150636389516,0.9750246497988241,0.972150636389516,0.9750246497988241
Europe & Central Asia,2016,55,55,0.9153999999999999,0.922593722692897,0.9584768394859196,0.9583429043304175,0.9584768394859196,0.9583429043304175,0.9736909090909089,0.9780596155275358,0.974419281633977,0.9778447588473114,0.974419281633977,0.9778447588473114
Europe & Central Asia,2017,55,55,0.9251454545454545,0.930969822110808,0.9612639790040353,0.9606769505202883,0.9612639790040353,0.9606769505202883,0.9760727272727273,0.9798444361205038,0.9758632125979039,0.9788922727065543,0.9758632125979039,0.9788922727065543
Europe & Central Asia,2018,55,55,0.9355999999999998,0.9407980241400948,0.9646556153303876,0.9637275265905115,0.9646556153303876,0.9637275265905115,0.9787636363636364,0.9821303826059623,0.9783481531038725,0.9821887772349318,0.9783481531038725,0.9821887772349318
Europe & Central Asia,2019,55,55,0.9442075757575757,0.9469610550586086,0.9666614512614056,0.9644890649361808,0.9666420242036824,0.9644711810996924,0.9800378787878787,0.9827140292009917,0.9796971242342759,0.9828983430749016,0.9797033718318198,0.9829002451386878
Europe & Central Asia,2020,55,55,0.9520333333333333,0.9530712310832581,0.9691133811542366,0.9657282716788704,0.969106929107497,0.9657241777359139,0.9813924242424243,0.9826857426538437,0.9809953498710923,0.9827296669609001,0.9809971797873963,0.9827309668807911
Europe & Central Asia,2021,55,55,0.9618348484848483,0.9612920426864615,0.9728971249866655,0.9684326296524335,0.9728946270190882,0.9684315168788381,0.9837681818181819,0.9849863100194322,0.9843500124295372,0.987046528320979,0.9843506817212885,0.9870469137308634
Europe & Central Asia,2022,55,55,0.9661681818181818,0.9664904579093321,0.9755419081560281,0.9717908157106481,0.9755390715148048,0.9717896748040299,0.9848318181818182,0.9860535489935427,0.9856531961962344,0.9880153674498112,0.9856538741581863,0.9880156428154556
Europe & Central Asia,2023,55,55,0.9655212121212121,0.96413150927992,0.9769175570455682,0.9732428234664482,0.9769161965601172,0.9732419798810846,0.9836560606060608,0.9835040402532036,0.9846793224448523,0.9854227079172452,0.9846897666607229,0.9854268355819237
Europe & Central Asia,2024,55,55,0.9711424242424243,0.9735206285193752,0.9785445430351256,0.9771293430417455,0.9785446405333532,0.9771334045549719,0.9853318181818181,0.9868071373655759,0.9865422505210197,0.9885576520006027,0.9865452009590644,0.9885588841759186
Europe & Central Asia,2025,55,0,0.9726272727272727,,0.9810652342924844,,0.98106438356533,,0.9856939393939396,,0.9871811909205597,,0.9871820327296273,
Europe & Central Asia,2026,55,0,0.9754000000000002,,0.9843456201239865,,0.9843452485830463,,0.9867200000000002,,0.9879323831086267,,0.9879324045306392,
Latin America & Caribbean,2015,43,43,0.9075813953488373,0.9078753462618754,0.9527389607838028,0.9643735349828683,0.9527389607838028,0.9643735349828683,0.9817906976744186,0.9822066783071522,0.9860471148523675,0.9855889395842741,0.9860471148523675,0.9855889395842741
Latin America & Caribbean,2016,43,43,0.920046511627907,0.9187564531333536,0.9575178029495602,0.9680577684072151,0.9575178029495602,0.9680577684072151,0.9851627906976743,0.9866762658735018,0.987890495294383,0.9876137325023518,0.987890495294383,0.9876137325023518
Latin America & Caribbean,2017,43,43,0.9306744186046512,0.9301344223339088,0.9610813680017576,0.971064311724649,0.9610813680017576,0.971064311724649,0.9880930232558139,0.9915255882099646,0.9899121240044083,0.9898091672682062,0.9899121240044083,0.9898091672682062
Latin America & Caribbean,2018,43,43,0.9427674418604651,0.9411692004110851,0.9653912113463851,0.9737080594158598,0.9653912113463851,0.9737080594158598,0.9911162790697675,0.9944028976568485,0.9915416323039874,0.9919636589185209,0.9915416323039874,0.9919636589185209
Latin America & Caribbean,2019,43,43,0.9497286821705426,0.9515868168906684,0.9683642792525157,0.976150977696447,0.9683533265639784,0.9761392189398133,0.9918875968992249,0.9949001647284519,0.9921605365295212,0.9936811943603968,0.9921650209487226,0.9936829789198818
Latin America & Caribbean,2020,43,43,0.9620717054263567,0.9623647291445508,0.9716798641854892,0.9789317011365217,0.9716608872048009,0.9789211885533893,0.9938313953488371,0.9957929792654711,0.9939021381663063,0.9954542609664688,0.9939026297561636,0.99545453332419
Latin America & Caribbean,2021,43,43,0.9716957364341083,0.9775877836157414,0.9739176325094546,0.9824357442821812,0.9739032519715132,0.9824208676082133,0.9951918604651163,0.996826695385989,0.9955047202959413,0.9966785756460209,0.9955043400390622,0.9966778540119088
Latin America & Caribbean,2022,43,43,0.9763023255813952,0.9827865193235105,0.975695572763675,0.9835081098263595,0.9756860899541381,0.9834992914891568,0.995437984496124,0.9968786431065131,0.9955769425286245,0.9964894098666994,0.9955771533256542,0.9964896232075616
Latin America & Caribbean,2023,43,43,0.9789864341085269,0.9862976751108684,0.9762697644965309,0.9844451960509761,0.9762813089434982,0.9844582127480761,0.9954999999999999,0.996844810346276,0.9955777420374583,0.9963496021265805,0.9955812757266653,0.9963540748562728
Latin America & Caribbean,2024,43,43,0.9864534883720929,0.9919740268118492,0.9791136609922609,0.985867509538808,0.9791170631028134,0.985870156063474,0.996687984496124,0.997630741817112,0.996610084718165,0.9973492394762247,0.9966107213620712,0.9973500195379276
Latin America & Caribbean,2025,43,0,0.9896821705426355,,0.9797615922515618,,0.9797599457430795,,0.9972655038759689,,0.9970360294639955,,0.9970362468042054,
Latin America & Caribbean,2026,43,0,0.9918744186046511,,0.9831097830030434,,0.9831097095178725,,0.9977906976744186,,0.9974024061391007,,0.9974026191518203,
Middle East & North Africa,2015,19,19,0.7999473684210525,0.7276640983072843,0.7801126346544782,0.7241685025911749,0.7801126346544782,0.7241685025911749,0.8950000000000001,0.8526303696700133,0.8938325408169459,0.8559572792078347,0.8938325408169459,0.8559572792078347
Middle East & North Africa,2016,19,19,0.8117894736842106,0.7471988192121073,0.7937233681906398,0.7384741688374241,0.7937233681906398,0.7384741688374241,0.9002105263157895,0.8609215793796213,0.8967521512390764,0.8594189691266578,0.8967521512390764,0.8594189691266578
Middle East & North Africa,2017,19,19,0.8218421052631579,0.7574737485407487,0.8063684433646006,0.746371389952413,0.8063684433646006,0.746371389952413,0.902421052631579,0.8620044874980524,0.9020422091094901,0.8637642423818788,0.9020422091094901,0.8637642423818788
Middle East & North Africa,2018,19,19,0.8292105263157894,0.7679797990559545,0.8119367742197041,0.7520080718047243,0.8119367742197041,0.7520080718047243,0.9057368421052632,0.8671503803341055,0.9066236850419782,0.8691265626982587,0.9066236850419782,0.8691265626982587
Middle East & North Africa,2019,19,19,0.8433333333333334,0.7739211326161123,0.8229948885988057,0.7568398844276951,0.8229928647471059,0.756845339098006,0.9110219298245614,0.8690818605479418,0.9107743366280834,0.8686995565675542,0.9107832557707882,0.8687089119256999
Middle East & North Africa,2020,19,19,0.8541140350877193,0.791690312180469,0.8294458309608926,0.7624799584567435,0.8294503677857304,0.7624861646196226,0.9184298245614034,0.8803077494550513,0.9150619603752813,0.8757745657291621,0.9150757599843722,0.8757980708735658
Middle East & North Africa,2021,19,19,0.8623684210526317,0.8145116212880621,0.8380105087321574,0.7735523036597457,0.8380161289189759,0.7735456682161868,0.9251447368421054,0.8952471423421359,0.9224432716410815,0.8944166391424796,0.922451345575213,0.894422297746901
Middle East & North Africa,2022,19,19,0.8623947368421053,0.8199567298879258,0.8462144156691277,0.7824649704316816,0.8462160927593099,0.7824605107854742,0.9246885964912281,0.8982587929857749,0.9229372764885796,0.8988387033654835,0.9229445444416434,0.8988425584224343
Middle East & North Africa,2023,19,19,0.8510087719298247,0.8027027407745967,0.8488321772878904,0.7870868937244482,0.848868055073793,0.7871359603072882,0.9165657894736843,0.8861415547604483,0.9155103796963824,0.8837164359393148,0.9155589635800481,0.8838011420436566
Middle East & North Africa,2024,19,19,0.8783991228070175,0.8473436831246259,0.8635247987838127,0.8067658969762608,0.8635376648418079,0.8067878177791968,0.9326535087719298,0.9139604575401156,0.9297546390588964,0.9111384990422199,0.9297803951379139,0.9111731525691174
Middle East & North Africa,2025,19,0,0.8890263157894737,,0.8698966199339715,,0.8698888020848367,,0.9380482456140351,,0.9361257232560631,,0.9361369191222911,
Middle East & North Africa,2026,19,0,0.8975263157894737,,0.8747742780655036,,0.8747737669142976,,0.9430631578947368,,0.9411315943617456,,0.9411325531031842,
North America,2015,3,3,0.9540000000000001,0.9729894153825119,0.9920075223319228,0.9999955475095316,0.9920075223319228,0.9999955475095316,1.0,1.0,1.0,1.0,1.0,1.0
North America,2016,3,3,0.9640000000000001,0.9816807543770826,0.9936160510715913,0.9999964658712884,0.9936160510715913,0.9999964658712884,1.0,1.0,1.0,1.0,1.0,1.0
North America,2017,3,3,0.9736666666666666,0.9923696655688029,0.9946737683089214,0.999997078465409,0.9946737683089214,0.999997078465409,1.0,1.0,1.0,1.0,1.0,1.0
North America,2018,3,3,0.9833333333333334,0.999472746959855,0.9952627045650302,0.9999974166046123,0.9952627045650302,0.9999974166046123,1.0,1.0,1.0,1.0,1.0,1.0
North America,2019,3,3,0.9872777777777778,0.9999930939713285,0.9943073792863011,0.9999969098636089,0.9943040596520297,0.9999969080616053,1.0,1.0,1.0,1.0,1.0,1.0
North America,2020,3,3,0.9922222222222222,0.9999957964686351,0.9965944021859916,0.999998159430928,0.9965909090909092,0.9999981575430706,1.0,1.0,1.0,1.0,1.0,1.0
North America,2021,3,3,0.9975555555555555,0.9999986775860833,0.9988084625493543,0.9999993553931199,0.9988075769964567,0.9999993549140468,1.0,1.0,1.0,1.0,1.0,1.0
North America,2022,3,3,0.9997222222222222,0.9999998496893356,0.9983824540093283,0.9999991247161156,0.9983820373122008,0.9999991244906331,1.0,1.0,1.0,1.0,1.0,1.0
North America,2023,3,3,1.0,1.0,0.9962682679834657,0.9999979968054238,0.9962669756066164,0.9999979961116757,1.0,1.0,1.0,1.0,1.0,1.0
North America,2024,3,3,1.0,1.0,0.9971103487886608,0.9999984488345873,0.9971109040074557,0.9999984491326289,1.0,1.0,1.0,1.0,1.0,1.0
North America,2025,3,0,1.0,,0.995733522316124,,0.9957315056963357,,1.0,,1.0,,1.0,
North America,2026,3,0,1.0,,0.9956645624089457,,0.995663729192894,,1.0,,1.0,,1.0,
South Asia,2015,8,8,0.5745,0.43355584805742353,0.5817934824225584,0.5211293591226076,0.5817934824225584,0.5211293591226076,0.769,0.6786627069199103,0.7730421443903848,0.6856203174890295,0.7730421443903848,0.6856203174890295
South Asia,2016,8,8,0.5922499999999999,0.4609086143757683,0.6037935885446226,0.5625069013141447,0.6037935885446226,0.5625069013141447,0.7751250000000001,0.6940640461928249,0.777820800203709,0.7021540652748248,0.777820800203709,0.7021540652748248
South Asia,2017,8,8,0.6078749999999999,0.48985525905779936,0.6274406578319792,0.6026084622229118,0.6274406578319792,0.6026084622229118,0.78725,0.7116216041424144,0.7856817998562363,0.7193505276900083,0.7856817998562363,0.7193505276900083
South Asia,2018,8,8,0.6305000000000001,0.4981602972332167,0.6486886470395532,0.6081443231526406,0.6486886470395532,0.6081443231526406,0.799625,0.7140503614747161,0.7975502770992324,0.7196597899173797,0.7975502770992324,0.7196597899173797
South Asia,2019,8,8,0.6685625,0.5438870940588734,0.6856532534948933,0.6521548792662214,0.6857449127846711,0.6522189571676782,0.8183437499999999,0.7420417044323904,0.816914892949492,0.7467665452827809,0.8169560696195484,0.7468614150550319
South Asia,2020,8,8,0.68628125,0.5745766783718103,0.7109992813948007,0.6781356652453681,0.711035144572827,0.6781889838803968,0.8317083333333333,0.7597920396353749,0.8291753833509041,0.7617860739685823,0.8292092475792714,0.7618549668971885
South Asia,2021,8,8,0.7179375000000001,0.6227087908230753,0.7364296673782478,0.6993876989336665,0.736437788313819,0.6994076212326839,0.8510520833333333,0.7902671049510591,0.8421274453864622,0.7871782722462439,0.8421562427649242,0.7872221825424194
South Asia,2022,8,8,0.7190416666666667,0.6590946936560954,0.7284063144463514,0.7203482205620361,0.7284088376942324,0.7203540704163217,0.8484270833333334,0.8114937892672712,0.8369133085961706,0.8044270388448282,0.8369534943032225,0.8044510445921846
South Asia,2023,8,8,0.71275,0.6510195503274191,0.7332253687183318,0.7291463687772457,0.7332428675003465,0.7291826341497817,0.8421666666666667,0.8051863793947447,0.8316197737961688,0.7998983800982663,0.8317879363276128,0.8001495197324449
South Asia,2024,8,8,0.7611666666666668,0.7134466187317715,0.7435505959498212,0.7419185845308968,0.7436061782933439,0.7419454199876637,0.8704479166666668,0.8421476369650923,0.8547200631343312,0.8299776599148181,0.8548229407566957,0.8301080844282553
South Asia,2025,8,0,0.7878333333333334,,0.7656933851739806,,0.7657879544562864,,0.8850833333333333,,0.8729815054855089,,0.8730148842552157,
South Asia,2026,8,0,0.8073250000000001,,0.7787360538048991,,0.7787431567447143,,0.8951,,0.8848304990638449,,0.8848469707033679,
Sub-Saharan Africa,2015,47,47,0.5332127659574468,0.4971414969956552,0.4668556220283118,0.4326524675071664,0.4668556220283118,0.4326524675071664,0.7516382978723404,0.7296023431835605,0.7509424913895828,0.7305145641168659,0.7509424913895828,0.7305145641168659
Sub-Saharan Africa,2016,47,47,0.5530425531914892,0.5175835523230021,0.5169953674968941,0.4844598296777659,0.5169953674968941,0.4844598296777659,0.7618297872340426,0.7397809396823674,0.7620337547808506,0.740980929119269,0.7620337547808506,0.740980929119269
Sub-Saharan Africa,2017,47,47,0.5716808510638296,0.5370459055721586,0.5601248092884702,0.5393446900441055,0.5601248092884702,0.5393446900441055,0.7720425531914895,0.750422021628355,0.774005255492183,0.7531675988914556,0.774005255492183,0.7531675988914556
Sub-Saharan Africa,2018,47,47,0.5939148936170212,0.557241445339984,0.6069324288365504,0.590026755352811,0.6069324288365504,0.590026755352811,0.784914893617021,0.761811936904674,0.7891178805362457,0.7669501350695577,0.7891178805362457,0.7669501350695577
Sub-Saharan Africa,2019,47,47,0.6096932624113475,0.5700778191134216,0.6419674324249675,0.6237518559192243,0.6420150888746726,0.6238202186426096,0.792895390070922,0.7677652952936387,0.7977235481918353,0.7737484549126584,0.7977553378682632,0.7737849739258466
Sub-Saharan Africa,2020,47,47,0.6380336879432625,0.6091432040911604,0.6773679029650583,0.6720338083935219,0.6774274852571702,0.6720698784425523,0.8089964539007095,0.7914047073881426,0.8161429999386024,0.800667025196641,0.8161844025997455,0.8006882663665755
Sub-Saharan Africa,2021,47,47,0.657459219858156,0.6314729748557791,0.6957726171318365,0.692604659762816,0.6957955667946247,0.6926199077046513,0.8203156028368797,0.804487255637817,0.825807726121328,0.8124879065336186,0.8258206886328296,0.8124967891761926
Sub-Saharan Africa,2022,47,47,0.675072695035461,0.6516376329438602,0.7190596465036045,0.719611705263758,0.7190800331715559,0.7196270613192499,0.8295106382978725,0.8157137551223835,0.8347713777431686,0.8244688005146461,0.8347863727408924,0.8244799340308162
Sub-Saharan Africa,2023,47,47,0.6822553191489362,0.6569753061808162,0.7340850640934958,0.7334511793220411,0.7341654231649926,0.7335117585483966,0.8322127659574466,0.8173680533875163,0.837675677232845,0.82619216900405,0.8377203853483989,0.8262302441910494
Sub-Saharan Africa,2024,47,47,0.7159645390070922,0.6916686503853806,0.758069473718064,0.7554519774425457,0.7581170943690987,0.7554874891308251,0.850959219858156,0.8369710202796561,0.8536744321323637,0.8427935107896659,0.8537081590683717,0.8428221791780006
Sub-Saharan Africa,2025,47,0,0.74,,0.7753285486600319,,0.7753478130135132,,0.8637588652482269,,0.8648334756153352,,0.8648559958613543,
Sub-Saharan Africa,2026,47,0,0.7614255319148936,,0.7896592462807188,,0.789662072652672,,0.8751489361702128,,0.874634321850284,,0.8746372820274361,
